title,authors,year,venue,abstract,doi,url,source
A Low-Cost Cross-Border Payment System Based on Auditable Cryptocurrency With Consortium Blockchain: Joint Digital Currency,"Islam, MM; Islam, MK; Shahjalal, M; Chowdhury, MZ; Jang, YM",2023,IEEE TRANSACTIONS ON SERVICES COMPUTING,"Due to the involvement of a large number of intermediaries across different time zones in the correspondent banking process, existing interbank payment systems cannot provide cost-effective cross-border transactions. They also suffer from lack of transparency and long transaction delays. These issues can be solved by designing a cryptocurrency in an auditable manner using a permissioned blockchain where a group of authorities can govern the network. In this article, we propose a low-cost, seamless cross-border payment system based on an auditable cryptocurrency that enables unspent transaction output-based transactions in a consortium blockchain network. To manage the blockchain, participating countries execute the energy-efficient proof of authority consensus algorithm with equal rights. Unlike conventional cryptocurrencies, dynamic decentralized identifiers (DIDs) are used as transacting addresses so that self-manageable authentication can be performed on-chain without any interaction with a trusted third party. The identity of transacting parties is known to respective DID issuers only. This approach enables peer-to-peer transactions while protecting user privacy and ensuring transparency without jeopardizing auditability. For user convenience, multi-party computation and multi-signature protocols are also provided. The system was implemented in Python, and the transaction mechanism was tested. This paper can help with ongoing research on blockchain-based cross-border payment solutions worldwide.",10.1109/TSC.2022.3207224,WOS:001012875100006,wos
"An Auditable, Privacy-Preserving, Transparent Unspent Transaction Output Model for Blockchain-Based Central Bank Digital Currency","Islam, MM; In, HP",2024,IEEE OPEN JOURNAL OF THE COMPUTER SOCIETY,"Auditability, privacy, transparency, and resiliency are four essential properties of a central bank digital currency (CBDC) system. However, it is difficult to satisfy these properties at once. This issue has become a crucial challenge to ongoing CBDC projects worldwide. In this article, we propose a novel unspent transaction output (UTXO) model, which offers auditable, privacy-preserving, transparent CBDC payments in a consortium blockchain network. The proposed model adopts a high-speed, non-interactive zero-knowledge proof scheme named zero-knowledge Lightweight Transparent ARgument of Knowledge (zk-LTARK) scheme to verify the ownership of UTXOs. The scheme provides low-latency proof generation and verification while maintaining 128-bit security with a smaller proof size. It also provides memory-efficient, privacy-preserving multi-party computation and multi-signature protocols. By using zk-LTARKs, users do not require numerous private-public key pairs to preserve privacy, which reduces risks in key management. Decentralized identifiers are used to authenticate users without interacting with any centralized server and avoid a single point of failure. The model was implemented in a customized consortium blockchain network with the proof-of-authority consensus algorithm.",10.1109/OJCS.2024.3486193,WOS:001354581300001,wos
Towards achieving confidentiality in Hyperledger Fabric,"Hofmann, B; Kasinathan, P; Wimmer, M",2022,2022 IEEE INTERNATIONAL CONFERENCE ON BLOCKCHAIN (BLOCKCHAIN 2022),"Enterprise blockchain use cases have confidentiality requirements when executing cross-organizational business processes or workflows across their corporate boundaries. For instance, only a certain privileged subset of organizations may know of the workflow's existence and is allowed to access sensitive workflow's data assets such as price information. A private or permissioned blockchain such as Hyperledger Fabric (HLF) provides many features to support those enterprise use cases that require confidentiality. Nevertheless, the blockchain architects need to decide when it comes to how to use them, when to use them, and what are the performance and security implications of those design decisions. This work presents a generic methodology to design a secure Hyperledger Fabric (HLF) blockchain architecture with a given security requirements. To achieve that, we developed and used a novel formal description to specify a generic multilateral workflow in the context of an enterprise use case. Furthermore, the security of the resulting architecture is evaluated against an attacker model and relevant countermeasures are presented. In addition, the performance impact of proposed changes is evaluated using the Hyperledger Caliper benchmarking framework.",10.1109/Blockchain55522.2022.00060,WOS:000865770500049,wos
SecureVFL: Privacy-preserving multi-party vertical federated learning based on blockchain and RSS,"Fan, MC; Zhang, ZP; Li, ZH; Sun, G; Yu, HF; Kang, JW; Guizani, M",2025,DIGITAL COMMUNICATIONS AND NETWORKS,"Vertical Federated Learning (VFL), which draws attention because of its ability to evaluate individuals based on features spread across multiple institutions, encounters numerous privacy and security threats. Existing solutions often suffer from centralized architectures, and exorbitant costs. To mitigate these issues, in this paper, we propose SecureVFL, a decentralized multi-party VFL scheme designed to enhance efficiency and trustworthiness while guaranteeing privacy. SecureVFL uses a permissioned blockchain and introduces a novel consensus algorithm, Proof of Feature Sharing (PoFS), to facilitate decentralized, trustworthy, and high-throughput federated training. SecureVFL introduces a verifiable and lightweight three-party Replicated Secret Sharing (RSS) protocol for feature intersection summation among overlapping users. Furthermore, we propose a (4 )-sharing protocol to achieve 2 federated training in a four-party VFL setting. This protocol involves only addition operations and exhibits robustness. SecureVFL not only enables anonymous interactions among participants but also safeguards their real identities, and provides mechanisms to unmask these identities when malicious activities are performed. We illustrate the proposed mechanism through a case study on VFL across four banks. Finally, our theoretical analysis proves the security of SecureVFL. Experiments demonstrated that SecureVFL outperformed existing multi-party VFL privacy-preserving schemes, such as MP-FedXGB, in terms of both overhead and model performance.",10.1016/j.dcan.2024.07.008,WOS:001533906300001,wos
A Parallel Multi-Party Privacy-Preserving Record Linkage Method Based on a Consortium Blockchain,"Han, SM; Wang, ZK; Shen, DR; Wang, C",2024,MATHEMATICS,"Privacy-preserving record linkage (PPRL) is the process of linking records from various data sources, ensuring that matching records for the same entity are shared among parties while not disclosing other sensitive data. However, most existing PPRL approaches currently rely on third parties for linking, posing risks of malicious tampering and privacy breaches, making it difficult to ensure the security of the linkage. Therefore, we propose a parallel multi-party PPRL method based on consortium blockchain technology which can effectively address the issue of semi-trusted third-party validation, auditing all parties involved in the PPRL process for potential malicious tampering or attacks. To improve the efficiency and security of consensus within a consortium blockchain, we propose a practical Byzantine fault tolerance consensus algorithm based on matching efficiency. Additionally, we have incorporated homomorphic encryption into Bloom filter encoding to enhance its security. To optimize computational efficiency, we have adopted the MapReduce model for parallel encryption and utilized a binary storage tree as the data structure for similarity computation. The experimental results show that our method can effectively ensure data security while also exhibiting relatively high linkage quality and scalability.",10.3390/math12121854,WOS:001256720800001,wos
SPAD - A Secure and Privacy-Preserving Distributed Analytics Framework,"Makhdoom, I; Abolhasan, M; Lipman, J; Franklin, D; Piccardi, M",2025,"2025 IEEE INTERNATIONAL CONFERENCE ON BLOCKCHAIN AND CRYPTOCURRENCY, ICBC","Conventional secure multi-party computation schemes depend on trusted parties and have high complexity, transparency, and data integrity concerns. This research presents SPAD, a secure, distributed, and privacy-preserving data storage and analytics framework designed to address the above challenges. SPAD leverages Shamir's secret-sharing scheme, Paillier Homomorphic Encryption, and Distributed Ledger Technology to ensure the confidentiality and integrity of data, security of private keys, low communication overheads, transparency and better scalability. It also facilitates building a verifiable authentic dataset to augment accurate analytics. The security analysis determines how SPAD mitigates the threats of privacy leakage and malicious collusion and facilitates privacypreserving analytics. The experimental results, comprising execution time and memory usage, complement the efficient performance of the framework.",10.1109/ICBC64466.2025.11114453,WOS:001568940100009,wos
Using Secure Multi-Party Computation to Protect Privacy on a Permissioned Blockchain,"Zhou, JP; Feng, YX; Wang, ZY; Guo, DY",2021,SENSORS,"The development of information technology has brought great convenience to our lives, but at the same time, the unfairness and privacy issues brought about by traditional centralized systems cannot be ignored. Blockchain is a peer-to-peer and decentralized ledger technology that has the characteristics of transparency, consistency, traceability and fairness, but it reveals private information in some scenarios. Secure multi-party computation (MPC) guarantees enhanced privacy and correctness, so many researchers have been trying to combine secure MPC with blockchain to deal with privacy and trust issues. In this paper, we used homomorphic encryption, secret sharing and zero-knowledge proofs to construct a publicly verifiable secure MPC protocol consisting of two parts-an on-chain computation phase and an off-chain preprocessing phase-and we integrated the protocol as part of the chaincode in Hyperledger Fabric to protect the privacy of transaction data. Experiments showed that our solution performed well on a permissioned blockchain. Most of the time taken to complete the protocol was spent on communication, so the performance has a great deal of room to grow.",10.3390/s21041540,WOS:000624659500001,wos
P-Chain: Towards privacy-aware smart contract using SMPC,"Diao, YQ; Ye, AY; Zhang, YX; Zhang, J; Xu, L",2024,JOURNAL OF INFORMATION SECURITY AND APPLICATIONS,"Smart contract, as the representative application of blockchain, has recently fueled extensive research interests from both academia and industry. However, with its wide applications, the weaknesses of smart contract have been gradually revealed. The major barrier to the widespread adoption of smart contract involves concerns about on-chain privacy which refers to the details of input/output privacy. To address privacy concerns, we propose in this paper, P-Chain, a privacy-aware framework for smart contracts of permissioned blockchain to protect sensitive data of users based on Secure Multi-party Computation (SMPC). Unlike existing work that suffer several key drawbacks, including introducing a third party who could get the details of the deal, and high overhead for on-chain and off-chain communication, as well as lacking a privacy protection for output data, we enhance the privacy protection for smart contracts system by adding a new secure multi-party computation layer in P-Chain. Through secure multi-party computing, sensitive inputs of smart contracts are divided into multiple sub-inputs and sent to computing participants for operation respectively, which ensures that each participant can only access part of the user's information. A stochastic strategy based on (t; t ; n ) threshold secret sharing to select calculating parties is also been proposed, which makes it difficult for an attacker to aggregate t of n participants for launching a collusive attack. In addition, we propose the output privacy protection method that makes it possible to reach a consensus without the need to know the output. The extensive experimental evaluation and analysis demonstrate that our scheme enjoys the advantages of calculation correctness, input-output privacy as well as anti-collusion.",10.1016/j.jisa.2024.103872,WOS:001334503300001,wos
Anonymous voting using distributed ledger-assisted secure multi-party computation,"Schiedermeier, M; Hasan, O; Mayer, T; Brunie, L; Kosch, H",2024,APPLIED NETWORK SCIENCE,"High voter turnout in elections and referendums is desirable to ensure a robust democracy. Secure electronic voting is a vision for the future of elections and referendums. Such a system can counteract factors hindering strong voter turnout such as the requirement of physical presence during limited hours at polling stations. However, this vision brings transparency and confidentiality requirements that render the design of such solutions challenging. Specifically, the counting implementation must support reproducibility, and the choice of individual voters must remain confidential. In this paper, we propose and evaluate a novel referendum protocol that ensures transparency, confidentiality, and integrity, in trustless networks. The protocol is built by combining secure multi-party computation and distributed ledger technology, e.g., a Blockchain. The persistence and immutability of the protocol communication allow verifiability of the referendum outcome by any participant. Voters therefore do not need to trust third parties. We provide a formal description and conduct a thorough security evaluation of our proposal.",10.1007/s41109-024-00650-2,WOS:001299844000002,wos
Scattered Requirements Dust in the Era of Web3-a Vision Keynote,"Hadar, E; Heursch, ST",2024,"32ND INTERNATIONAL REQUIREMENTS ENGINEERING CONFERENCE WORKSHOPS, REW 2024","This extended abstract paper presents a vision for data and Al requirements governance in distributed System -of-Systems (SoS) that involve multiple parties and dynamic alliances, such as in the defense domain (e.g. different weapon systems on the battlefield). The paper proposes to use web3 technologies, such as distributed ledger and secure multi -party computation, to enable collaborative analytics and data interoperability among the SoS members, while preserving their sovereignty and privacy. The paper also suggests a model -driven approach that can generate executable code and workflows from a common ontology and a semantic mapping tool, which can facilitate the alignment and verification of the data and Al requirements among the coalition members. The paper demonstrates the feasibility and effectiveness of the approach through a prototype implementation in the defense domain and a case study involving a multi -party coalition of the willing to detect a SA-8 anti-aircraft battery that in essence is a sensor-Data Fusion with different sensors on different weapon systems.",10.1109/REW61692.2024.00050,WOS:001304537500044,wos
A Consortium Blockchain-Based Secure and Trusted Electronic Portfolio Management Scheme,"Merlec, MM; Islam, MM; Lee, YK; In, HP",2022,SENSORS,"In recent times, electronic portfolios (e-portfolios) are being increasingly used by students and lifelong learners as digital online multimedia resumes that showcase their skill sets and achievements. E-portfolios require secure, reliable, and privacy-preserving credential issuance and verification mechanisms to prove learning achievements. However, existing systems provide private institution-wide centralized solutions that primarily rely on trusted third parties to issue and verify credentials. Furthermore, they do not enable learners to own, control, and share their e-portfolio information across organizations, which increases the risk of forged and fraudulent credentials. Therefore, we propose a consortium blockchain-based e-portfolio management scheme that is decentralized, secure, and trustworthy. Smart contracts are leveraged to enable learners to completely own, publish, and manage their e-portfolios, and also enable potential employers to verify e-portfolio credentials and artifacts without relying on trusted third parties. Blockchain is used as an immutable distributed ledger that records all transactions and logs for tamper-proof trusted data provenance, accountability, and traceability. This system guarantees the authenticity and integrity of user credentials and e-portfolio data. Decentralized identifiers and verifiable credentials are used for user profile identification, authentication, and authorization, whereas verifiable claims are used for e-portfolio credential proof authentication and verification. We have designed and implemented a prototype of the proposed scheme using a Quorum consortium blockchain network. Based on the evaluations, our solution is feasible, secure, and privacy-preserving. It offers excellent performance.",10.3390/s22031271,WOS:000754792800001,wos
Secure exchange and effectual verification of educational academic records using hyperledger fabric block chain system,"Babu, ES; Rao, MS; Naganjaneyulu, S; Sai, MSS; Ganiya, RK",2022,INTERNATIONAL JOURNAL OF AD HOC AND UBIQUITOUS COMPUTING,"This paper provides a solution to the educational certification issue by employing the blockchain network. The proposed permissioned blockchain network is implemented in hyperledger fabric. The proposed system provides various services to issuing institutions: verifying organisation; identification and authentication of the issuer; verify and securely share academic records to the recipients; and stores the academic records in the blockchain in a distributed manner, ensuring the privacy of stored records of the recipient. When compared to Ethereum, hyperledger fabric provides additional functionalities like efficient parallelism, concurrency, multiple transaction executions, and efficient commitments of the transaction into the ledger. The experimental analysis of the proposed system has been executed to test the performance of invoking and query transactions using Hyperledger Caliper. We analyse the throughput and transaction latency of the proposed work as well. The experimental results exhibit the proposed system achieves better transaction processing power and security compared to existing systems.",10.1504/IJAHUC.2022.123540,WOS:000817232900018,wos
Blockchain-based multi-institution collaborative credit evaluation modeling method,"Qiao, YC; Lan, QJ; Jia, SY; Kuang, XH; Xiong, QY; Ma, CQ",2024,COMPUTER NETWORKS,"Multi -institution credit data sharing -aggregation can improve the accuracy of credit evaluation, however, it also encounters the problems of data fraud, and the privacy, compliance of collaborative modeling. Faced with increasingly stringent and comprehensive privacy protection regulations, the potential security risk call into question the current data sharing -aggregation mode. Blockchain has shown that trusted and auditable computing is possible using a decentralized network of peers, and the immutable distributed ledger. Moreover, oblivious transfer (OT) guarantees the confidentiality of cross -institution transmission and calculation. The integration of blockchain with OT is rapidly increasing in computing environment. In this paper, we design and implement a blockchain-OT-based credit evaluation system dubbed as MEChain. Blockchain acts as a distributed ledger which facilitates efficient and credible data sharing -aggregation. Combined the 1 -outof -N OT, data transformation is used for raw data encryption achieving private, secure, and compliant sharing -aggregation operations. The calculation case and security analysis, prototype system implementation, performance and accuracy rate analysis are presented to validate the proposed solution.",10.1016/j.comnet.2024.110187,WOS:001166675800001,wos
Blockchain-oriented Inter-organizational Collaboration between Healthcare Providers to Handle the COVID-19 Process,"El Kassmi, I; Jarir, Z",2021,INTERNATIONAL JOURNAL OF ADVANCED COMPUTER SCIENCE AND APPLICATIONS,"Collaborative business activities have aroused great interest from organizations because of the benefits they offer. However, sharing data, services, and resources and exposing them to external use can prevent organizations involved in collaboration from being engaged. Therefore, the need for advanced mechanisms to ensure trust between the different parties involved is paramount. In this context, blockchain and smart contracts are promising solutions for performing choreography processes. However, the seamless integration of these technologies as non-functional requirements in the design and implementation phases of inter-organizational collaborative activities is a challenging task, as reported in the literature. Consequently, we aim in the proposed approach to extend the modeling and implementation of the choreography lifecycle based on service-oriented processes. This is fulfilled by integrating blockchain transactions and smart contract calls, to allow collaboration and interoperability between different entities while guaranteeing trust and auditability. Moreover, to conduct this extension efficiently we use a BPMN choreography diagram combined with Finite State Automata to ensure a meticulous modeling which targets the processes' internal interactions. Hyperledger Fabric is used as a permissioned blockchain for proof-of-concept implementation. A use case of COVID-19 collaborative processes is used to experiment our approach, which aims to guarantee a fluid collaboration between healthcare providers and epidemiological entities at a national scale in Morocco.",,WOS:000738710600094,wos
A Blockchain-Based Access Control Scheme for Zero Trust Cross-Organizational Data Sharing,"Gai, KK; She, YF; Zhu, LH; Choo, KKR; Wan, ZG",2023,ACM TRANSACTIONS ON INTERNET TECHNOLOGY,"Multi-organization data sharing is becoming increasingly prevalent due to the interconnectivity of systems and the need for collaboration across organizations (e.g., exchange of data in a supply chain involving multiple upstream and downstream vendors). There are, however, data security concerns due to lack of trust between organizations that may be located in jurisdictions with varying security and privacy legislation and culture (also referred to as a zero trust environment). Hence, in such a zero trust setting, one should introduce strengthened, yet efficient, access control mechanisms to facilitate cross-organizational data access and exchange requests. Contemporary access control schemes generally focus on protecting a single objective rather than multiple parties, due to higher security costs. In this article, we propose a blockchain-based access control scheme, designed to facilitate lightweight data sharing among different organizations. Specifically, our approach utilizes the consortium blockchain to establish a trustworthy environment, in which a Role-Based Access Control (RBAC) model is then deployed using our proposed multi-signature protocol and smart contract methods. Evaluation of our proposed approach is performed on the HyperLedger Fabric consortium blockchain platform using both Caliper and BFT-SMaRT benchmarks, and the findings demonstrate the utility of our approach.",10.1145/3511899,WOS:001059372600003,wos
Study on the Power Data Assets and Trading System Design of Blockchain,"Li, HT; Xue, HL; Guo, K; Zhang, R; Lu, SF",2023,"INTERNATIONAL CONFERENCE ON SMART ENERGY, ICSNRG 2022","The sensitive data such as electric power data suffer from the easily abuse in the traditional centralized data trading system. To solve this problem, the blockchain-based power data's capitalization and trading system were proposed in this study. Given the trust for blockchain technology, this work established a multi-party trusty network between multiple parties in the distributed ledger with cryptographic algorithms, and distributed multi-party consensus protocol. The system development with Hyperledger's consortium blockchain framework Fabric made the power data safe, transparent and immutable. The local development environment for testing included a operating system MAC OS 10.14.6, six-core CPU 3.0 GHz, RAM 16 GB. A single machine is configured with multiple block chain network nodes, an ordering node, and two organizations Org0 and Org1, each of which has two nodes Peer0 and Peer1, and adopts the Solo consensus mechanism. The experimental results show that the system run well in the integrated test, satisfied the design requirements, and had low maintenance costs and improved security. Compared with the traditional data trading system, the blockchain-based power data's capitalization and trading system demonstrated the comprehensive functionality and security advantages in the study.",10.1088/1742-6596/2422/1/012006,WOS:001018359200006,wos
Cross-organizational data exchange based on consortium blockchain with consistency guarantee,"Geng, Q; Chuai, Z; Jin, J",2024,JOURNAL OF SUPERCOMPUTING,"Effective data exchange holds the potential to bridge information gaps between organizations, creating essential prerequisites for enhanced collaboration. However, in cross-organizational database systems, ensuring strong consistency is often challenging. Inconsistent query results may be returned from different databases if data records are not timely synchronized, degrading mutual trust and collaboration efficiency among organizations. To address this issue, a novel cross-organizational data exchange approach is proposed. Specifically, consortium blockchain is leveraged as a Write-Ahead Log, enabling different organizations to trace relevant requests failed to be executed in real-time, thereby promptly providing consistent query results for users. Detailed settings on protocol level are designed for the blockchain platform to facilitate data exchange regulation, including data structures, consensus algorithms and an access control mechanism. Extensive simulation experiments are conducted to evaluate the performance of the proposed approach and investigate the impact of different parameters on data consistency and system availability.",10.1007/s11227-024-06164-z,WOS:001220459000001,wos
A Secure and Privacy-Preserving Medical Data Sharing via Consortium Blockchain,"Zhang, D; Wang, SP; Zhang, YL; Zhang, Q; Zhang, YL",2022,SECURITY AND COMMUNICATION NETWORKS,"Medical data sharing is of great significance in promoting smart medicine. However, the heterogeneity of information systems used by various medical institutions makes sharing difficult. In addition, since medical data involves a great deal of sensitive information, sharing it could easily lead to the leakage of personal privacy. Blockchain, gained popularity as a distributed ledger technology, has great potential to connect heterogeneous systems and provides authenticity and integrity guarantees for medical data sharing. Focusing on the issues of medical data sharing and privacy protection, we propose a medical data sharing scheme based on consortium blockchain. To achieve access control, attribute-based access control technique is implemented, where patients preset attribute-specific access policies for their medical records, and record requesters are described by a set of attributes. For patients, we devise a hybrid storage mode to write access policies of medical records on the consortium blockchain network and store encrypted medical records off-chain. Leveraging blockchain and smart contracts, access privilege control and access history tracking can be realized. To enhance the key management, a tree of medical records is constructed for each patient, and by simply keeping the medical record trees, patients can recover their encryption keys at any time. Furthermore, we carry out an extensive analysis to show the high security and efficiency of our proposed scheme. Finally, we build a Quorum consortium blockchain on the Tencent Cloud and deploy smart contracts on the chain to simulate transactions in our scheme. The experiment results indicate the proposed scheme achieves good feasibility.",10.1155/2022/2759787,WOS:000805154100002,wos
A Permissioned Blockchain-based System for Collaborative Drug Discovery,"Olsson, C; Toorani, M",2021,ICISSP: PROCEEDINGS OF THE 7TH INTERNATIONAL CONFERENCE ON INFORMATION SYSTEMS SECURITY AND PRIVACY,"Research and development of novel molecular compounds in the pharmaceutical industry can be highly costly. Lack of confidentiality can prevent a product from being patented or commercialized. As an effect, cross-organizational collaboration is virtually non-existent. In this paper, we introduce a blockchain-based solution to the collaborative drug discovery problem so that participants can maintain full ownership of the asset and upload partial information about molecules without revealing the molecule itself. A prototype is also implemented using the blockchain technology Hyperledger Fabric and analyzed from security and performance perspectives. The prototype provides a set of functionalities that makes sure that ownership is maintained, integrity is protected, and critical information remains confidential. From a performance perspective, it provides a good throughput and latency in the order of milliseconds. However, further improvements could be done to the scalability of the system.",10.5220/0010236901210132,WOS:000664076200011,wos
Confidential Distributed Ledgers for Online Syndicated Lending,"Liu, XF; Feng, Z; Wang, L; Sun, WH; Pei, QQ; Lin, XD; Li, HZ",2024,IEEE TRANSACTIONS ON SERVICES COMPUTING,"Online syndicated lending offers quick and convenient financing support to individuals, while diversifying risks by pooling funds from multiple lenders into loan projects. It has experienced explosive growth, reaching a multibillion-dollar market. Establishing transparency is essential for constructing a trusted, fair, and regulation-compliant financial collaboration model. Meanwhile, confidentiality must be maintained to protect the sensitive financial information of individual lenders. Multi-party computation (MPC) can protect the input privacy of lenders, but it cannot safeguard the sensitive information revealed by the fund flow itself. To address these challenges, we propose a new collaborative financial ledger for online syndicated lending. It leverages homomorphic encryption/commitment to enable the reuse of intermediary states without compromising privacy throughout the entire lifecycle of a loan. This system also supports efficient regulation-compliant auditing. We streamline the framework design to optimize performance and develop a prototype system. Even with a large syndicate of 100 lenders, the system still achieves low-latency performance.",10.1109/TSC.2024.3440012,WOS:001386510000018,wos
DATA SECURITY AND PRIVACY PROTECTION MECHANISM FOR POWER GRID SUPPLY CHAIN BASED ONDUAL-CONSORTIUM BLOCKCHAIN ARCHITECTURE AND IMPROVED BGN ALGORITHM,"Wen, Y; Tang, MJ; Yang, YJ; Luo, H",2025,ARCHIVES FOR TECHNICAL SCIENCES,"In the process of multi-party collaborative data sharing, the power grid supply chain system often faces security risks such as data islands, privacy leakage and tampering risks. It is urgent to establish a security management mechanism that takes into account efficiency and credibility. To this end, this study proposes a power grid supply chain data security management model that integrates a dual alliance chain architecture and an improved Boneh-Goh-Nissim algorithm. This model uses the business chain and the chain of custody to separate transaction processing and audit supervision, and ensures the traceability and non-repudiation of data interaction through cross-chain communication; it also completes multi-party security calculation and privacy protection of aggregated data based on the improved Boneh-Goh-Nissim algorithm. Experimental results show that in a typical power grid supply chain scenario, the model's data integrity verification rate reaches 99.2%, the average transaction delay is 1.36 seconds, the encryption and decryption time is reduced by 27.4% compared with the traditional algorithm, and the system throughput is increased to 1,450 transactions per second. The research results have effectively improved the data security and operating efficiency of the power grid supply chain system under cross-domain sharing conditions, and provided a scalable technical path for supply chain collaboration and big data governance in the power industry.",10.70102/afts.2025.1833.819,WOS:001650468500020,wos
BigchainDB for Precision Agriculture Data Sharing: A Feasibility Study,"Dzafic, Z; Milosavljevic, B; Cucak, M; Pavlovic, S",2026,FUTURE INTERNET,"Centralized agricultural data platforms raise concerns about ownership, provenance, and vendor lock-in, motivating decentralized alternatives. This study evaluates BigchainDB as a blockchain-database hybrid for owner-controlled precision agriculture data sharing. We address three research questions: (1) functional feasibility for data integrity, access control, and heterogeneous sensor integration; (2) integration patterns bridging IoT ingestion with blockchain consensus; and (3) operational trade-offs versus centralized alternatives. A proof-of-concept implementation comprising a sensor simulator, FastAPI middleware, and three-node BigchainDB cluster demonstrates end-to-end data flow with cryptographic provenance. Key contributions include the following: identification of three integration patterns (message queue buffering for high-throughput ingestion, hierarchical asset modeling, and dual-key access control); comparative analysis against five blockchain-database alternatives; and characterization of deployment complexity. Results show BigchainDB satisfies the functional requirements for data integrity and access control, while requiring increased operational overhead compared to single-node databases. The architecture is viable when multi-party governance outweighs operational simplicity, though production deployments require further scalability validation, including detailed performance benchmarking.",10.3390/fi18030121,WOS:001726087600001,wos
Privacy-Preserving Education Data Sharing Scheme Based on Consortium Blockchain,"Guo, JQ; Wang, ZR; Liu, NN",2025,INTERNATIONAL JOURNAL OF ADVANCED COMPUTER SCIENCE AND APPLICATIONS,"With the growing emphasis on lifelong education and the rapid expansion of open education platforms, the secure and efficient management and sharing of lifelong learning data have become critical challenges. To address these issues, this paper proposes a Privacy-Preserving Educational Data Sharing (PPEDS) scheme based on blockchain technology. The PPEDS scheme employs attribute-based encryption with hidden attributes to achieve privacy-preserving and fine-grained access control. In addition, it incorporates multi-keyword searchable encryption to enable efficient encrypted data retrieval and combines private and consortium blockchains to ensure data authenticity and integrity across multiple educational institutions. The security analysis demonstrates that the scheme resists potential attacks and ensures confidentiality, access control, and search privacy under a semi-trusted model. Furthermore, performance evaluations conducted on real-world educational datasets show that the proposed scheme achieves efficient encryption, search, and decryption operations, with low computational overhead even in large-scale deployments. Overall, the PPEDS scheme provides a secure, scalable, and practical solution for privacy-preserving data sharing in lifelong education systems.",,WOS:001638686600001,wos
A consortium blockchain-based sealed electronic auction scheme utilizing attribute-based hybrid encryption,"Zhan, DP; Yu, JP; Yao, H",2025,JOURNAL OF SUPERCOMPUTING,"Sealed electronic auctions aim to protect the bidding privacy of participants, with blockchain technology typically employed to achieve decentralized management, ensuring fairness and transparency. However, blockchain relies on public key infrastructure, which incurs high maintenance costs. To address this issue, we design a sealed electronic auction scheme based on a consortium blockchain, leveraging attribute-based hybrid encryption. This scheme uses the consortium blockchain to store core auction data, employing ciphertext-policy attribute-based encryption combined with symmetric encryption to significantly reduce reliance on public key infrastructure. Additionally, it adopts hidden access policies and user attributes to safeguard user privacy. The auction process embeds each user's unique identity into attributes to resist collusion attacks. Moreover, multi-party storage technology is employed to optimize data storage efficiency and reduce consortium blockchain maintenance costs. In terms of security, rigorous mathematical proofs and multiple security mechanisms ensure resistance against chosen-plaintext attacks, collusion attacks, and data integrity threats. Experimental results demonstrate that the proposed scheme reduces the overall time for on-chain operations and the entire auction process by approximately 2.7-7.4 times compared to traditional schemes. Furthermore, the hybrid encryption strategy enhances the computational efficiency of encryption and decryption processes, achieving an excellent balance between security and efficiency.",10.1007/s11227-025-07436-y,WOS:001499303200008,wos
From Cryptocurrencies to Collaborative Risk Management: A Review of Decentralized AI Approaches,"Gürpinar, T; Gulum, MA; Martinelli, M",2025,FINTECH,"Enterprises today face increasing threats from cyberattacks, supply chain disruptions, and systemic market risks, making the enhancement of organizational resilience through advanced risk management frameworks increasingly critical. Traditional approaches often struggle to balance data privacy, cross-organizational collaboration, and real-time adaptability. While distributed ledger technologies (DLTs) initially enabled cryptocurrencies, they have evolved into a foundational infrastructure for decentralized AI applications. This study investigates how decentralized AI techniques, particularly federated learning, can support joint risk management processes in enterprise networks. First, a comprehensive review of decentralized AI methods is conducted to identify approaches suitable for enterprise risk management. Next, expert interviews are used to contextualize these insights, highlighting practical considerations, organizational challenges, and adoption constraints. Building on the literature and expert feedback, a decentralized framework is developed to allow organizations to securely share risk-related insights while preserving data privacy and control over proprietary information. The framework is validated through a technical prototype, combining architectural design with empirical proof-of-concept experiments on federated learning benchmarks. Results demonstrate the feasibility of achieving near-centralized model accuracy under privacy constraints, while also highlighting communication and governance issues that need to be addressed in real-world deployments. The study presents a structured comparison of decentralized AI techniques and a validated concept for enhancing supply chain risk prediction, fraud detection, and operational continuity across enterprise networks.",10.3390/fintech4040074,WOS:001647233800001,wos
Investigating the Application of Nested NFTs on Consortium Blockchain for Enterprise Supply Chain Traceability Management,"Ito, S; Sato, T; Nagai, T; Hasegawa, S; Fukunaka, K; Umeda, T",2025,"2025 25TH ASIA-PACIFIC NETWORK OPERATIONS AND MANAGEMENT SYMPOSIUM, APNOMS","Consortium blockchains (e.g., Hyperledger Fabric) have been adopted for inter-organizational supply chain management, while NFTs have gained attention to represent asset uniqueness and ownership on public blockchains (e.g., Ethereum). Applying NFTs to supply chains offers the potential to track individual products and enable seamless lifecycle management, including consumer engagement. Also, standardized smart contract interfaces for NFTs (e.g., ERC-721) promote interoperability across blockchain services. However, traditional NFTs are limited to single-asset representation and lack features needed for enterprise use, such as support for composite products, access control, and efficient ledger storage. Recognizing the potential of ERC-7401 (nested NFTs) for enabling hierarchical NFT structures, this study investigates its application to traceability in consortium-based supply chains. We designed a nested NFT framework on Hyperledger Fabric, incorporating attribute-based access control and block size reduction mechanisms through transient arguments and batch processing. We implemented a prototype on Hyperledger Fabric that integrates block size reduction and access control mechanisms into Nested NFTs. Through design and implementation, we demonstrated the feasibility of this approach for complex supply chain management.",,WOS:001708878900046,wos
ElearnChain: A privacy-preserving consortium blockchain system for e-learning educational records,"An, HY; Chen, JG",2021,JOURNAL OF INFORMATION SECURITY AND APPLICATIONS,"Nowadays, some educational institutions provide online multimedia learning resources(MLR) and bring a series of challenges in the insecurity of digital diplomas, unacceptable digital diplomas between different institutions, and difficulty searching for high-quality multimedia learning resources. The blockchain's immutability and privacy provide solutions for the circulation of e-learning educational records, but existing research cannot be directly applied. This paper aims to solve these issues. We propose an ElearnChain, which is a privacy preserving consortium blockchain system for e-learning educational records. Furthermore, we implement a proof-of-concept for a tamper-proof and traceable privacy-preserving consortium blockchain system.",10.1016/j.jisa.2021.103013,WOS:000724953100005,wos
zkrpChain: Towards multi-party privacy-preserving data auditing for consortium blockchains based on zero-knowledge range proofs,"Xu, SW; Cai, XW; Zhao, YZ; Ren, ZW; Du, L; Wang, Q; Zhou, JY",2022,FUTURE GENERATION COMPUTER SYSTEMS-THE INTERNATIONAL JOURNAL OF ESCIENCE,"Consortium blockchain has been widely used in different scenarios, where blockchain members demand that their uploaded data could be audited based on data range under their identities without exposing the data themselves. However, so far, current solutions only support simple (e.g., standard-range) privacy-preserving data auditing, and can not be used in multi-party scenarios. To address the problem, we propose zkrpChain, which focuses on protection of the integrity and privacy of the data uploaded by blockchain members while leaving their identities public. In zkrpChain, which is based on Hyperledger Fabric and Bulletproofs, both standard-range and arbitrary-range zero-knowledge range proofs generation and verification are supported. To improve the efficiency, the aggregation of multiple proofs and batch verification are developed. Furthermore, to broaden the application scenarios, we also develop multi-party proofs generation and verification. To support further development, we provide chaincodes, related APIs together with the client codes. Finally, we conduct experiments to evaluate the performance of zkrpChain, and the results show that as the total data size grows exponentially, the proof and verification time only grow linearly while the total on-chain storage grows logarithmically. (C) 2021 Published by Elsevier B.V.",10.1016/j.future.2021.09.034,WOS:000744287900010,wos
AFLChain: Blockchain-enabled Asynchronous Federated Learning in Edge Computing Network,"Huang, XG; Deng, XS; Chen, QB; Zhang, J",2023,"2023 IEEE 97TH VEHICULAR TECHNOLOGY CONFERENCE, VTC2023-SPRING","Edge computing network (ECN), which could process learning tasks at the edge, is considered as a potential solution to release the burden of the cloud. Meanwhile, to protect user privacy, federated learning (FL) is used in the ECN to establish models by multi-party collaborative learning on numbers of edge nodes (ENs). However, due to the frequent data interaction between the cloud server and distributed ENs, the reliability of data transmission and the privacy protection capability of the network cannot be guaranteed. In this paper, a distributed ECN is considered, to improve the learning efficiency in the multi-party FL while ensuring the reliability of ENs, a consortium blockchain enabled asynchronous federated learning (AFLChain) algorithm is proposed, which could dynamically allocate the learning tasks to ENs according to their computing capabilities. Moreover, an entropy weight-based reputation mechanism is introduced for the EN evaluation to further improve the performance of the AFLChain. Finally, the simulation results demonstrate the effectiveness of the proposed algorithms.",10.1109/VTC2023-Spring57618.2023.10199280,WOS:001054797200034,wos
A Proxy Re-encryption Scheme of Medical Data Sharing Based on Consortium Blockchain,"Li, JX; Zhang, X; Chu, ZG",2022,"BLOCKCHAIN TECHNOLOGY AND APPLICATION, CBCC 2022","In order to solve the problem of sharing medical data among different hospitals, this paper proposes a multi-party secure sharing scheme of medical information based on a consortium blockchain. Based on proxy re-encryption technology and user identity attributes, the scheme divides the permissions of data users in fine granularity, and solves the problems of data tracking and access control, uses cloud computing to store medical data, reduces the capital investment of hospital hardware equipment, reduces maintenance costs, and uses NTRU encryption technology to ensure the anonymity and anti-collusion security of medical data. Using Federation chains to store and record data operations ensures the safe sharing of data. The performance evaluation results show that the proposed re-encryption scheme for shared medical data agents based on a consortium blockchain has higher superiority in data protection, privacy security, rights allocation, etc. Compared with blockchain work in recent years, the result shows that the scheme has certain superiority. The purpose of this scheme is to provide new ideas for the safe sharing of medical data in the future.",10.1007/978-981-19-8877-6_1,WOS:000977256500001,wos
MARTSIA: Enabling Data Confidentiality for Blockchain-Based Process Execution,"Marangone, E; Di Ciccio, C; Friolo, D; Nemmi, EN; Venturi, D; Weber, I",2024,"ENTERPRISE DESIGN, OPERATIONS, AND COMPUTING, EDOC 2023","Multi-party business processes rely on the collaboration of various players in a decentralized setting. Blockchain technology can facilitate the automation of these processes, even in cases where trust among participants is limited. Transactions are stored in a ledger, a replica of which is retained by every node of the blockchain network. The operations saved thereby are thus publicly accessible. While this enhances transparency, reliability, and persistence, it hinders the utilization of public blockchains for process automation as it violates typical confidentiality requirements in corporate settings. In this paper, we propose MARTSIA: A Multi-Authority Approach to Transaction Systems for Interoperating Applications. MARTSIA enables precise control over process data at the level of message parts. Based on Multi-Authority Attribute-Based Encryption (MA-ABE), MARTSIA realizes a number of desirable properties, including confidentiality, transparency, and auditability. We implemented our approach in proof-of-concept prototypes, with which we conduct a case study in the area of supply chain management. Also, we show the integration of MARTSIA with a state-of-the-art blockchain-based process execution engine to secure the data flow.",10.1007/978-3-031-46587-1_4,WOS:001286479000004,wos
Blockchain Adoption in Local Governments: The Case of Lugano,"Barisone, L; Beretta, E; Bregy, R; Carbone, V; Gorini, R; Zucco, G",2026,FINTECH,"The present article examines the pioneering case of blockchain adoption in local government by the City of Lugano and discusses how Distributed Ledger Technology (DLT) may support institutional innovation beyond pilot experimentation. The Swiss municipality of Lugano has developed an integrated strategy that combines permissioned blockchain infrastructure (SwissLedger), a municipal payment token (LVGA), digital literacy and payment innovation initiatives (Plan B), and the issuance of fully digital municipal bonds. By adopting a case study methodology, the analysis draws on quantitative indicators of platform usage, operational data, and a sentiment analysis of media coverage to document technological developments and socio-economic patterns correlated with the initiative. SwissLedger has been adopted as an infrastructural experiment for secure document notarization, public administration digital services, open-finance interoperability with optional compliance tools, and sector-specific applications. Furthermore, the Plan B initiative emerges as a communication catalyst, generating international visibility and positive sentiment, alongside descriptive statistics consistent with local economic activity. Lugano's digital bond issuances also attracted attention to the potential of how DLT could support settlement processes and transparency in public finance. Overall, the evidence gathered suggests that DLT adoption in local government is not merely a technological upgrade, but rather part of a broader organizational transformation process. The case findings also outline a set of potentially transferable elements for municipalities seeking to align innovation with public value creation.",10.3390/fintech5010024,WOS:001726150300001,wos
BillingOpsSC: Smart Contract-based Service Billing Management Method for Consortium Blockchain-based Systems,"Sato, T; Shimosawa, T; Yamai, N",2023,"2023 IEEE 47TH ANNUAL COMPUTERS, SOFTWARE, AND APPLICATIONS CONFERENCE, COMPSAC","Enterprises have paid attention to consortium blockchains, in which multiple authorized organizations participate to form a consortium, in contrast to public blockchains, which consist of unspecified participants. Since a system using a blockchain is based on participants providing/using resources such as nodes to each other, a mechanism to motivate participants to provide resources is important. Typically, a public blockchain realizes an incentive mechanism for providing nodes by unspecified participants through mining rewards and transaction fees associated with a consensus algorithm such as PoW on the platform layer. On the other hand, a consortium blockchain usually does not have an incentive mechanism in the platform itself. In order to maintain and operate a consortium, it is essential that participating organizations provide resources or pay the costs of providing resources. However, because participating organizations use different percentages of the resources, a uniform fee could cause unfairness among the organizations. Therefore, it is necessary to manage billing to remove the gap between the costs borne and the actual usage or/and the unfairness among participants in the consortium. This research aims to realize a billing management method for consortium blockchain-based systems. We propose a smart contract-based service billing management mechanism named ""BillingOpsSC"" to ensure cross-organizational transparency for billing calculation and management. Furthermore, to ensure fairness among participants, we design a billing calculation model based on metering of the ""contribution"" by each organization such as providing resources, and the system ""usage"" by each organization, in the consortium. We implement a prototype of the proposed method including the billing management mechanism and calculation model for Hyperledger Fabric, which is one of the major consortium blockchains, and evaluate the method using the prototype. The results show that our proposed method is effective in ensuring transparency and fairness in billing management among multiple organizations.",10.1109/COMPSAC57700.2023.00166,WOS:001046484100156,wos
Efficient Public Verification of Confidential Supply-Chain Transactions,"Becher, K; Schäfer, M; Schröpfer, A; Strufe, T",2022,2022 IEEE CONFERENCE ON COMMUNICATIONS AND NETWORK SECURITY (CNS),"Ensuring sustainable sourcing of crude materials and production of goods is a pressing problem in consideration of the growing world population and rapid climate change. Supply-chain traceability systems based on distributed ledgers can help to enforce sustainability policies like production limits. We propose two mutually independent distributed-ledger-based protocols that enable public verifiability of policy compliance. They are designed for different supply-chain scenarios and use different privacy-enhancing technologies in order to protect confidential supply-chain data: secret sharing and homomorphic encryption. The protocols can be added to existing supply-chain traceability solutions with minor effort. They ensure confidentiality of transaction details and offer public verifiability of producers' compliance, enabling institutions and even end consumers to evaluate sustainability of supply chains. Through extensive theoretical and empirical evaluation, we show that both protocols perform verification for lifelike supply-chain scenarios in perfectly practical time.",10.1109/CNS56114.2022.9947231,WOS:000920419800042,wos
Harmonizing Sensitive Data Exchange and Double-spending Prevention Through Blockchain and Digital Wallets: The Case of E-prescription Management,"Schlatt, V; Sedlmeir, J; Traue, J; Völter, F",2023,DISTRIBUTED LEDGER TECHNOLOGIES: RESEARCH AND PRACTICE,"The digital transformation of the medical sector requires solutions that are convenient and efficient for all stakeholders whileprotecting patients' sensitive data. One example that has already attracted design-oriented research are medical prescriptions.However, current implementations of electronic prescription management systems typically create centralized data silos, leav-ing user data vulnerable to cybersecurity incidents and impeding interoperability. Research has also proposed decentralizedsolutions based on blockchain technology, but privacy-related challenges have often been ignored. We conduct design scienceresearch to develop and implement a system for the exchange of electronic prescriptions that builds on two blockchains anda digital wallet app. Our solution combines the bilateral, verifiable, and privacy-focused exchange of information betweendoctors, patients, and pharmacies through verifiable credentials with a token-based, anonymized double-spending check.Our qualitative and quantitative evaluations as well as a security analysis suggest that this architecture can improve existingapproaches to electronic prescription management by offering patients control over their data by design, a high level of se-curity, sufficient performance and scalability, and interoperability with emerging digital identity management solutions forusers, businesses, and institutions. We also derive principles on how to design decentralized, privacy-oriented informationsystems that require both the exchange of sensitive information and double-usage protection.",10.1145/3571509,WOS:001618376700006,wos
Privacy Protection During the Issuance and Revocation of Verifiable Credentials in Self-Sovereign Identity,"Zhang, TT; Wang, Y; Gong, B; Xu, JB; Wu, JJ; Wan, CX",2025,CONCURRENCY AND COMPUTATION-PRACTICE & EXPERIENCE,"Self-sovereign identity management systems operate in open network environments and face security threats from semi-trusted or malicious adversary models. In such environments, verifiable credentials are susceptible to attacks such as theft and forgery. In response to the privacy risks associated with verifiable credentials during issuance and revocation, this article proposes a privacy protection scheme for user information during the issuance and revocation processes of verifiable credentials in self-sovereign identity management based on blockchain technology. First, a privacy-preserving method that does not rely on a single identity provider and resists Sybil attacks has been designed using secure multi-party computation cryptographic techniques. Second, the consortium blockchain committee nodes act as the issuer of verifiable credentials. By combining attribute commitments and zero-knowledge proof techniques, the user's identity information is hidden, achieving the privacy protection goal during the issuance of verifiable credentials. Furthermore, in order to protect user privacy during the revocation of verifiable credentials (VCs), we employ a cryptographic accumulator technique to implement the revocation operation. This approach ensures the security of user privacy while effectively managing the revocation of credentials. Finally, this paper conducts a security analysis and performance evaluation of the proposed scheme. The results show that our scheme strikes a balance between security needs and time efficiency.",10.1002/cpe.70084,WOS:001473858400029,wos
Enhancing power data security: A blockchain and threshold cryptography approach,"Gu, HT; Jun, D; Zhou, XD; Mi, Z",2025,JOURNAL OF COMPUTATIONAL METHODS IN SCIENCES AND ENGINEERING,"The digital transformation of power systems necessitates robust solutions for data security challenges, such as provenance verification, tamper resistance, and privacy compliance. This research proposes a novel blockchain-based architecture integrated with threshold proxy re-encryption (TPRE) to establish a trustworthy electricity data ecosystem. The framework transforms grid devices and organizational units into permissioned blockchain nodes, creating an immutable ledger for end-to-end data provenance while preventing unauthorized modifications. Regulatory entities gain granular traceability capabilities to audit data flows and pinpoint anomalous nodes with cryptographic certainty. To address the dual requirements of multi-party data sharing and privacy protection in smart grid environments, we implement an optimized TPRE scheme that significantly reduces computational overhead compared to conventional approaches. Our solution enables secure delegation of re-encryption rights while maintaining threshold-based access control over sensitive power consumption data. Experimental results demonstrate that the proposed scheme reduces computational overhead by 33.3% under multi-user scenarios compared to conventional proxy re-encryption methods, while enhancing key randomness through threshold-based secret sharing. The proposed framework offers practical insights for implementing cryptographically secure, regulator-compliant data management systems in critical energy infrastructure.",10.1177/14727978251352144,WOS:001512364000001,wos
Advancing Compliance with HIPAA and GDPR in Healthcare: A Blockchain-Based Strategy for Secure Data Exchange in Clinical Research Involving Private Health Information,"Barbaria, S; Jemai, A; Ceylan, HI; Muntean, RI; Dergaa, I; Rahmouni, HB",2025,HEALTHCARE,"Background: Healthcare data interoperability faces significant barriers, including regulatory compliance complexities, institutional trust deficits, and technical integration challenges. Current centralized architectures demonstrate inadequate mechanisms for balancing data accessibility requirements with patient privacy protection, as mandated by HIPAA and GDPR frameworks. Traditional compliance approaches rely on manual policy implementation and periodic auditing, which are insufficient for dynamic, multi-organizational healthcare data-sharing scenarios. Objective: This study develops and proposes a blockchain-based healthcare data management framework that leverages Hyperledger Fabric, IPFS, and the HL7 FHIR standard and incorporates automated regulatory compliance mechanisms via smart contract implementation to meet HIPAA and GDPR requirements. It assesses the theoretical system architecture, security characteristics, and scalability considerations. Methods: We developed a permissioned blockchain architecture that employs smart contracts for privacy policy enforcement and for patient consent management. The proposed system incorporates multiple certification authorities for patients, hospitals, and research facilities. Architectural evaluation uses theoretical modeling and system design analysis to assess a system's security, compliance, and scalability. Results: The proposed framework demonstrated enhanced security through decentralized control mechanisms and cryptographic protection protocols. Smart contract-based compliance verification can automate routine regulatory tasks while maintaining human oversight in complex scenarios. The architecture supports multi-organizational collaboration with attribute-based access control and comprehensive audit-trail capabilities. Conclusions: Blockchain-based healthcare data-sharing systems provide enhanced security and decentralized control compared with traditional architectures. The proposed framework offers a promising solution for automating regulatory compliance. However, implementation considerations-including organizational readiness, technical complexity, and scalability requirements-must be addressed for practical deployment in healthcare settings.",10.3390/healthcare13202594,WOS:001601565900001,wos
Redactable consortium blockchain based on verifiable distributed chameleon hash functions,"Wu, XY; Du, XH; Yang, QT; Wang, N; Wang, WJ",2024,JOURNAL OF PARALLEL AND DISTRIBUTED COMPUTING,"With the evolving application demands, the inherent immutability of consortium blockchains hinders their widespread adoption. For example, expired data stored on the chain cannot be deleted, and erroneous data cannot be redacted, seriously limiting the flexibility of consortium blockchains. However, existing redactable blockchain solutions need to be improved in aspects of decentralization, efficiency, and fault tolerance. This paper develops a new verifiable distributed chameleon hash (VDCH) function to solve the above problems. With VDCH, nodes share chameleon keys with a secure multi-party computation protocol based on a verifiable key sharing scheme, and the collision shares can be verified with a Schnorr non-interactive zero-knowledge proof protocol, which enhances the fault tolerance of the consortium chain while maintaining its decentralized nature. Then, this paper proposes a consensus protocol called CVTSS based on verifiable threshold signatures, which provides protocol support for collaborative hash collision computation by multiple nodes using VDCH, thus avoiding the dependence on Nakamoto consensus and improving the redaction efficiency. Meanwhile, CVTSS uses threshold signatures to prevent malicious nodes from tampering with data using one-time chameleon keys. Finally, this paper constructs an efficient, practical, and secure redactable consortium chain scheme based on VDCH and CVTSS. Theoretical analysis and experimental results show that the proposed scheme can operate safely in the presence of malicious nodes with an acceptable time cost.",10.1016/j.jpdc.2023.104777,WOS:001089824800001,wos
"Enabling Cross-Institution Health Data Sharing in Norway: EUDI Wallets, On-Chain Consent, and openEHR⇆FHIR Translation","Phuyal, S; Bhandari, M; Bista, R; Ferreira, JC",2026,IEEE ACCESS,"The cross-border use of health data is still limited by fragmented data models, weak guarantees around who is requesting access, and inconsistent mechanisms for obtaining and revoking patient consent. The European Health Data Space (EHDS) and the European Digital Identity (EUDI) framework aim to address these issues by giving citizens a portable digital identity and legally valid, auditable control over secondary use of their clinical data, but concrete, national-scale implementations are still missing. We present and evaluate a digital health wallet architecture for Norway that: 1) issues verifiable credentials to both patients and healthcare professionals; 2) records, enforces, and revokes patient consent on a permissioned distributed ledger; 3) verifies access rights using zero-knowledge proofs; and 4) bridges open Electronic Health Record (openEHR) repositories to EHDS-compliant Fast Healthcare Interoperability Resources (FHIR) bundles. The system is built on Hyperledger Besu, uses Groth16 proof circuits with Poseidon hashing for selective disclosure of consent, and encodes General Data Protection Regulation (GDPR) obligations directly into smart contract logic. The architecture was validated in a simulated hospital environment using synthetic ICU-style data. Professional onboarding and role verification completed in approximately 1.2 s (mean, std. 0.2 s). End-to-end consent issuance, verification, and on-ledger recording completed in under 3 s. On-chain verification of zero-knowledge proofs averaged 0.42 s (std. 0.09 s), supporting near real-time authorization without exposing patient identity. The FHIR-openEHR bridge achieved 98.5% mapping success between openEHR compositions and EHDS-mandated FHIR bundles. We further mapped each component to GDPR Articles 5, 7, 25, and 30, demonstrating explicit, revocable, and auditable consent with privacy by design. These results show that an EUDI-compatible digital health wallet can deliver verifiable identity, revocable consent, privacy-preserving auditability, and semantic interoperability fast enough for clinical use. Unlike prior blockchain proposals for consent management, this work demonstrates not only conceptual alignment with EHDS, but an implemented, measured architecture with national deployment potential.",10.1109/ACCESS.2026.3661642,WOS:001691081900024,wos
Permissioned Blockchain-Based XGBoost for Multi Banks Fraud Detection,"Asrori, SS; Wang, LH; Ozawa, S",2023,"NEURAL INFORMATION PROCESSING, ICONIP 2022, PT III","Fraud detection is one of the financial institution problems which can utilize Machine Learning (ML). However, the fraud activity is hard to detect since the occurrence is relatively low compared to the actual transaction. Several banks can collaborate to gather more fraudulent transactions from their data. However, the collaboration can cause data leakage from each bank, where the customer data should be confidential. Decentralized ML is one of the approaches to tackle the privacy-preserving aspect. This work proposed a fully decentralized environment using a permissioned blockchain to detect multiple banks' fraud. The training process utilizes a continual eXtreme Gradient Boosting (XGBoost) model. We provided the architecture of blockchain implementation for multiple banks, where it is conducted as batch and streaming data processing. As we compared our approach with the centralized, individual, and federated GBDT models, it maintains a good prediction performance and fulfills the environment of a fully distributed system.",10.1007/978-3-031-30111-7_57,WOS:001417312500057,wos
A Reputation-Based Approach Using Consortium Blockchain for Cyber Threat Intelligence Sharing,"Zhang, XH; Miao, XH; Xue, MY",2022,SECURITY AND COMMUNICATION NETWORKS,"The CTI (Cyber Threat Intelligence) sharing and exchange is an effective method to improve the responsiveness of the protection party. Blockchain technology enables sharing collaboration consortium to conduct a trusted CTI sharing and exchange without a centralized institution. However, the distributed connectivity of the blockchain-based CTI sharing model proposed before exposes the systems to byzantine attacks. The compromised members of partner organizations will further decrease the accuracy and trust level of CTI by generating false reporting. This paper proposes a new blockchain-based CTI model to address the unbalance issues of performance in speed, scalability, and security, which combines consortium blockchain and distributed reputation management systems to achieve automated analysis and response of tactical threat intelligence. In addition, the novel consensus algorithm of consortium blockchain that is fit for CTI sharing and exchange is introduced in this paper. The new consensus algorithm is called ""Proof-of Reputation"" (PoR) consensus, which meets the requirements of transaction rate and makes the consensus in a creditable network environment through constructing a reputation model. Finally, the effectiveness and security performance of the proposed model and consensus algorithm is verified by experiments.",10.1155/2022/7760509,WOS:000843344800001,wos
Bio-block: future-proofing medical data with blockchain,"Thakur, V; Verma, AK; Singh, S",2026,CLUSTER COMPUTING-THE JOURNAL OF NETWORKS SOFTWARE TOOLS AND APPLICATIONS,"Electronic medical records (EMRs) represent critical infrastructure in modern healthcare, yet face significant challenges in balancing accessibility with security and privacy that conventional systems struggle to address. This study introduces a transformative blockchain-based framework that integrates Ethereum, Hierarchical Attribute-Based Encryption (HABE), and InterPlanetary File System (IPFS) to revolutionize medical data management. Blockchain technology provides unique advantages through its immutable ledger, transparent audit trails, and decentralized architecture-directly addressing healthcare's most pressing data management challenges. While blockchain technology offers transformative potential for electronic medical records, our research explicitly addresses critical implementation challenges like regulatory compliance, interoperability constraints, scalability concerns etc. By leveraging blockchain's cryptographic capabilities alongside attribute-based access control and distributed storage, the system ensures data integrity while maintaining patient privacy and regulatory compliance. Our comprehensive methodology encompasses rigorous performance analysis, statistical validation, formal security proofs, and machine learning-driven verification. Results demonstrate the framework's capacity to enhance data sovereignty by giving patients control over their records, enable secure cross-institutional data sharing, and dramatically reduce vulnerability to data breaches. Performance evaluations confirm the solution's scalability and computational efficiency even under high transaction volumes. Through the synthesis of advanced cryptographic techniques with distributed ledger technology, this research presents a viable approach to next-generation EMR systems that balances security with usability, interoperability with privacy protection, and clinical utility with patient autonomy-establishing new standards for intelligent healthcare information management.",10.1007/s10586-025-05926-5,WOS:001679381400001,wos
"SSL-XIoMT: Secure, Scalable, and Lightweight Cross-Domain IoMT Sharing With SSI and ZKP Authentication","Hak, L; Fugkeaw, S",2025,IEEE OPEN JOURNAL OF THE COMPUTER SOCIETY,"The Internet of Medical Things (IoMT) is transforming healthcare by enabling devices to generate and share critical patient data. However, securely sharing this data across different healthcare entities remains a significant challenge due to concerns over privacy and security. Traditional solutions using Ciphertext Policy Attribute-Based Encryption (CP-ABE), Self-Sovereign Identity (SSI), and Zero-Knowledge Proofs (ZKPs) offer secure and anonymous data access, but they often fall short in scalability and integration, particularly in cross domain environments. To address these limitations, we introduce SSL-XIoMT, an optimized SSI and ZKP authentication framework within a consortium Hyperledger-based environment. This innovative system integrates SSI under advanced Zero-Knowledge Scalable Transparent Argument of Knowledge (ZK-STARK) and Plonk protocols within a consortium Hyperledger framework for privacy-preserving identity verification. We enhance identity privacy by integrating Multi-Party Computation (MPC), ensuring that identity credentials and ZKP proofs are securely shared and reconstructed without exposing sensitive information. Additionally, we optimize CP-ABE by offloading complex computations to fog nodes, which pre-compute attributes and logical operations. This approach significantly reduces computational overhead and enhances both privacy and efficiency. Our extensive analysis shows that SSL-XIoMT dramatically improves the performance of processing time for CP-ABE encryption and decryption compared to current methods. Moreover, our hybrid ZKPs based authentication approach outperforms the existing schemes regarding processing time and flexibility. The throughput test also demonstrates that SSL-XIoMT is practical for large scale cross-domain data sharing implementation.",10.1109/OJCS.2025.3570087,WOS:001502248700007,wos
LEChain:Linear Credit Evaluation System Based on Hyperledger Fabric Blockchain,"Qiao, YC; Cheng, LH; Lan, QJ; Wang, YR",2022,"2022 5TH INTERNATIONAL CONFERENCE ON BLOCKCHAIN TECHNOLOGY AND APPLICATIONS, ICBTA 2022","Data sharing among different institutions can enhance the integrity of information to evaluate the credit level of financing enterprises more accurately, but it also faces the problems of privacy leakage and data fraud. To solve these problems, this paper proposes a complete linear credit evaluation system with secure sharing and multiparty collaborative computing based on Hyperledger Fabric Blockchain named LEChain. The system consists of four modules: distributed ledger, access control, security aggregation and model storage. With the help of 1-out-of-N oblivious transmission protocol, incorporating elementary matrix transformation data security aggregation realizes the privacy of data transmission and collaborative computation. Finally, a security analysis is given to show the privacy and compliance of the data aggregation.",10.1145/3581971.3581994,WOS:001086203700023,wos
Auditing in the blockchain: a literature review,"Zhang, YF; Ma, ZF; Meng, JM",2025,FRONTIERS IN BLOCKCHAIN,"This investigation evaluates blockchain's dichotomous effects on auditing through systematic literature synthesis and comparative case studies of Big Four accounting firms. Empirical evidence demonstrates that distributed ledger technology enhances audit efficacy through automated transaction authentication (exemplified by PwC's 90% temporal reduction in reconciliation protocols) and machine learning-powered anomaly detection algorithms, enabling comprehensive audit sampling and continuous monitoring capabilities. Persistent technical risks remain, notably 51% consensus vulnerabilities, self-executing contract exposures, and throughput constraints in decentralized architectures, which collectively compromise system integrity. Furthermore, regulatory lacunae in cross-jurisdictional compliance frameworks and practitioners' competency deficits in cryptographic validation techniques substantially impede technological assimilation. The analysis substantiates three critical imperatives: (1) harmonized regulatory frameworks with Turing-complete compliance protocols, (2) cross-disciplinary human capital development initiatives, and (3) applied research on heterogeneous system interoperability. Strategic mitigation of these implementation barriers could transition auditing toward cryptographic trust ecosystems, contingent upon synergistic collaboration between regulatory bodies establishing adaptive governance models, corporate entities developing hybrid audit architectures, and academic institutions advancing validation methodologies.",10.3389/fbloc.2025.1549729,WOS:001484210100001,wos
Paramart: Parallel Resource Allocation Based on Blockchain Sharding for Edge-Cloud Services,"Ren, XX; Xu, MR; Niyato, D; Kang, JW; Qiu, C; Wang, XF",2024,IEEE TRANSACTIONS ON SERVICES COMPUTING,"Edge computing has evolved to enable mobile applications to run in an efficient and cost-effective manner at explosive-growing edge nodes. Under this paradigm, a new business resource trading market has emerged to provide edge-cloud services, offering a convenient way for mobile users to obtain resources from distributed computing power providers (CPPs). Blockchain, as a promising technology, provides a reliable platform for multi-party resource transactions (TXs), enabling secure and reliable computing services. Notably, the distributed CPPs not only offer mobile services but also act as blockchain nodes to maintain the stability of TXs. In this case, there exist certain bottlenecks in the blockchain-enabled edge-cloud resource market, such as limited scalability, inefficient resource allocation, and large system cost. In this article, assisted by the permissioned blockchain, we study the fundamental problem of resource allocation by minimizing the system cost to handle mobile services and blockchain TXs in parallel. We first partition the Practical Byzantine Fault Tolerant (PBFT) consensus by hierarchical sharding to improve the scalability and ensure the security of the blockchain system. Next, based on the optimal sharding strategies, we formulate the parallel resource allocation as a multi-scale Lyapunov optimization problem, and develop a dual-alternation actor-critic with an attention mechanism (DA3C) algorithm to solve it. We evaluate the performance of the Paramart using trace-driven experiments. Simulation results demonstrate the superiority of our proposed framework as compared with the benchmark algorithms.",10.1109/TSC.2024.3359608,WOS:001290231100018,wos
Electronic Health Records Sharing Model Based on Blockchain With Checkable State PBFT Consensus Algorithm,"Pang, Z; Yao, Y; Li, QY; Zhang, XQ; Zhang, J",2022,IEEE ACCESS,"With the popularity of IoT devices and cloud technology in the medical industry. Sharing EHRs (Electronic Health Records) among medical institutions improves the accuracy of medical diagnosis and promotes the development of public medical. However, it is difficult to share EHRs among hospitals, and patients typically don't know about the usage of their health records. In this paper, we propose a patient-controlled EHRs sharing scheme based on cloud computing collaborating blockchain technology. The medical abstract and the access strategy are stored in the blockchain to avoid being tampered with. To achieve the fine-grained access control, we propose the attribute-based encryption scheme and multi-keyword encryption scheme to encrypt EHRs. Moreover, we proposed a node-state-checkable Practical Byzantine Fault Tolerance consensus algorithm (sc-PBFT) to prevent the Byzantine nodes from sneaking into the consortium blockchain. First, we check the state of the elected master node to avoid the master node having any malicious records. Then, using pre-prepared, prepare, and commit processes to complete the consensus request submitted by the client. At last, the proposed consensus algorithm evaluates the state of the master node according to the completion of the three-stage process to reduce the impact of the malicious node on the whole consortium blockchain. By doing this, the malicious node will be marked and isolated into the isolation area. The experimental results show that the proposed sc-PBFT algorithm has better handling capability and lower consensus latency. Compared with the PBFT algorithm in the case of Byzantine nodes, sc-PBFT not only improves the robustness of the consortium blockchain network but also improves the handling capability.",10.1109/ACCESS.2022.3186682,WOS:000848176300001,wos
Blockchain and SGX-Enabled Edge-Computing-Empowered Secure IoMT Data Analysis,"Gao, Y; Lin, HL; Chen, YJ; Liu, YL",2021,IEEE INTERNET OF THINGS JOURNAL,"The Internet of Medical Things (IoMT) is an important application of the Internet of Things (IoT) in the health field, including remote health monitoring and remote medical diagnosis. This not only brings convenience to the patient but also reduces the cost of the patient. However, the surge of data brought by mobile health monitoring equipment challenges the traditional centralized data processing model. In particular, medical data are closely related to patient privacy. Therefore, only part of the specific medical data should be provided to the medical institutions in need, rather than all the data, to ensure the confidentiality of the data to the greatest extent. But curious data processing centers can easily lead to data leakage. To tackle these challenges, we use edge computing and blockchain to build a new framework. In particular, the trusted execution environment, namely, software guard extension (SGX) technology, is introduced into edge computing to ensure the confidentiality of the data analysis process. The blockchain authenticates the IoMT devices and cloud service providers that are added to the network and provides an access policy management mechanism for IoMT data. Moreover, a prototype of the proposed framework is implemented using Hyperledger Fabric and Intel SGX, and the analysis of the blockchain and SGX performance are also presented.",10.1109/JIOT.2021.3052604,WOS:000711808500016,wos
CertificateChain: decentralized healthcare training certificate management system using blockchain and smart contracts,"Tellew, J; Kuo, TT",2022,JAMIA OPEN,"Objective: Managing training certificates is an important issue in research that can lead to serious issues if not addressed properly. For institutions that currently do not have a dedicated management system for these training certificates, a central database is the most typical solution. However, such a system suffers from several risks, such as a single-point-of-failure. Materials and Methods: To address this issue, we developed and evaluated CertificateChain, a decentralized training certificate management system by using peer-to-peer blockchain and automated smart contracts. We developed an efficient certificate dividing-and-merging algorithm to overcome the transaction size limit on blockchain. Results: We performed experiments on the system to evaluate its performance, then created a web app and tested the system in a real-world scenario. CertificateChain scaled linearly in terms of time compared with the total number of certificates added and could be quickly queried for existing data stored on-chain. Discussion: CertificateChain was able to store and retrieve the training certificates on the blockchain network, with limitations including a comparative analysis of other systems, evaluation of different consensus protocols, examining certificates off-chain, a thorough comparison with a centralized system, and the extension to the main public Ethereum network. Conclusion: We believe that these results indicate that blockchain technology could be a viable decentralized alternative to traditional databases in this use case.",10.1093/jamiaopen/ooac019,WOS:000769066900001,wos
